id,email,username,password
1,vkeetley0@reddit.com,kwimmers0,"jN0'~d""t'XI(Eg"
2,awiggin1@eepurl.com,eoliverpaull1,"nT7>$9LG""0"
3,eburnhard2@chron.com,naspey2,oU8~j~%!eD6503n
4,alideard3@mozilla.com,dcornforth3,wT6%KXZg0
5,kkidgell4@hibu.com,wsuffield4,rH7>6FyDy#66#n
6,kbrand5@nih.gov,hridolfo5,aO6&b`Hu<7?nDU!p
7,cabramowitz6@tumblr.com,mrodriguez6,gD3#f*I_/1VA?H@
8,tpimm7@ftc.gov,gmeiklam7,cX9=SGK'7f9MP
9,rodoherty8@umn.edu,jmarkushkin8,pP0@|R1NcJ#x<TV'
10,wdobrowolny9@unc.edu,sthain9,sL3.E~K/
11,apittmana@bigcartel.com,sdockseya,eD4@?3B5!B1GI\E
12,kmussardb@storify.com,rsegerb,hT1}wF=4?QE9m}
13,hperilloc@istockphoto.com,wroddyc,fB4!<{VV+F9u=li
14,schowned@ask.com,hvandendaeld,hX2$G&L@k$SDlO>}
15,dbathoee@cyberchimps.com,lblocke,aX8/OLpSS'p=C#
16,rgraftonherbertf@bloomberg.com,jtuberfieldf,cB3(AQ?m
17,bfrekeg@dropbox.com,fquaintanceg,qL1.tRGPrys
18,fmaciejewskih@diigo.com,dlambrechth,mV0`utp'SDtQsBl
19,jcroizieri@shinystat.com,jamerighii,rP2(K}4TeOX#&
20,jdymottj@hao123.com,oklessej,xG5?~#dDZE
21,ffrangionek@youtu.be,sskitterelk,"oE0<6pdg3""jM3Ds"
22,ccowderoyl@mail.ru,jdayerl,"yJ9~?9"",TD=PX"
23,bmoquinm@1und1.de,sfrankiewiczm,aW9_H9zcix|VKb&
24,gscrutonn@princeton.edu,dgutchern,"iW2`ML&\W""@$+"
25,nhavicko@qq.com,cgrolleo,fJ2)Xlyuga2EXC?}
26,rshipperbottomp@drupal.org,bsawlep,"gU3""(Z&|{ollod9d"
27,mbyerq@lulu.com,ibamfordq,eO8#DB{1gu
28,vkilgourr@desdev.cn,cnyssensr,"wW5""""jem.isdPC3B"
29,idubarrys@go.com,cangroves,kY4(=Zdk`pFkA1z%
30,epetlyurat@ow.ly,claybournt,"pL5=#xzHo=8m,oJ"
31,fcoulthurstu@baidu.com,ctamsettu,"lG4~u=9I8ik,"
32,tconenv@bluehost.com,akeherv,rX4\H11`
33,dlyddiattw@accuweather.com,bholtawayw,"sJ9"">Wfr<tO"
34,hklimpx@de.vu,mkemballx,"nU1~D""*QFy1i$A+"
35,mbesty@addtoany.com,abirdy,zE1'w!{|`C!@(hq
36,rbarochez@boston.com,ctonsleyz,vC3@jlO?1
37,dcorballis10@nydailynews.com,apyrah10,jA3_NTN94lefxNl
38,awellington11@chicagotribune.com,bkinavan11,gL4{zOVVn4iHH
39,fbonefant12@bandcamp.com,emcreidy12,xV1.+6B7
40,mmycroft13@google.co.jp,vhowsego13,aH6$c7FM\Fk
41,vkolis14@statcounter.com,clefebre14,rR8`DE<`
42,jcollacombe15@jigsy.com,ekempston15,xN5$IY{=>ne#x3
43,rhillaby16@engadget.com,sscotney16,fZ6)*DXAOi#p&
44,rgawen17@senate.gov,cmartensen17,bM8\7N8|t
45,kwestmorland18@slate.com,mdelieu18,hJ3!7@I7Y
46,gyewman19@naver.com,lchazelas19,mJ7+U/4U_7
47,tskeggs1a@webnode.com,lmazzey1a,rR0|oZiVv/y
48,oclowley1b@princeton.edu,lgomery1b,"sI3@RZm,""=xlbMnX"
49,lwingate1c@sciencedaily.com,mnurse1c,yP6(8%DDn$
50,sfenton1d@friendfeed.com,jgahan1d,kS3/00dECV34VEe
51,gbromige1e@hhs.gov,jswanwick1e,fR4|R#*$(ky
52,dsopper1f@naver.com,lopenshaw1f,eI3&9qVFJP<&b2
53,gbaughn1g@instagram.com,dormerod1g,"xS0,DQ+Pg.\'OF"
54,mrosterne1h@goodreads.com,barendt1h,cG0(m4(A_
55,ftoller1i@columbia.edu,ldugan1i,fB7/mBdMq5u
56,lmerit1j@bloglines.com,mrizzelli1j,aQ9*Y9dVIXVK
57,jdinsdale1k@irs.gov,espaunton1k,nE6_j=qA>)`
58,llarter1l@latimes.com,fwesley1l,vE5$/MIUS=6/e{(
59,aspofford1m@multiply.com,zyacobsohn1m,bM7_P}G6&FRXd\/
60,rpockey1n@trellian.com,pduetschens1n,yI5+>i/JFR?8otEP
61,swrintmore1o@whitehouse.gov,eschwaiger1o,tA4?RXcanB
62,jmangeot1p@dion.ne.jp,chaggas1p,cP2*Hs7nR
63,obateson1q@mozilla.com,ggossart1q,tW3_{gV'dP>K
64,rliversage1r@clickbank.net,ltakos1r,kO4}FS5~+8M
65,ganear1s@free.fr,aglenn1s,fX9!\foII%
66,rgorman1t@comcast.net,droseman1t,hT6`@zjv#3
67,cheavyside1u@opensource.org,sraith1u,cR8'I6dMUh6
68,cwilderspoon1v@bigcartel.com,srhydderch1v,"pW3""P3m>"
69,gmcduffie1w@economist.com,emungane1w,"qW0+\riu""DJ8F"
70,fmorrilly1x@independent.co.uk,echerrett1x,yR8/rH9ApSV\*VYV
71,dcleeton1y@cloudflare.com,mmayzes1y,pD6&Pz5\7sM+|'>
72,daguilar1z@homestead.com,emakeswell1z,"zB6,uIV(R@"
73,dedlyn20@seattletimes.com,syurukhin20,sO3/pRxS(jm+=F9
74,nrumford21@bravesites.com,jigglesden21,kY7`mB(UDv
75,cocannavan22@google.cn,edrever22,zW0_|qFv+p?C)W#a
76,jdesborough23@cdc.gov,mhaggerty23,aG1'+3`PZf
77,pstivey24@cafepress.com,cpeele24,kG3!w!?{%{qC
78,cbigglestone25@alibaba.com,wkoschek25,mR1}20L@'KR/Wwn
79,eelie26@google.pl,rswale26,"xN7+XX.""W3"
80,hcapon27@hud.gov,acalvard27,cQ9(iY.$p*e
81,dattle28@cam.ac.uk,rworsnop28,kL1(WZA/HTb3\A0j
82,ecordelette29@stumbleupon.com,hlubbock29,nQ9)TvPsR
83,zharhoff2a@moonfruit.com,rmee2a,"sO0~""CES1"
84,alarkins2b@scientificamerican.com,mlosano2b,qI1/GT+V
85,rmacgaughy2c@canalblog.com,broland2c,"yM8,1UwKZ1z"
86,lsjostrom2d@sciencedirect.com,hminelli2d,dB4%ANvK
87,ndilrew2e@tamu.edu,jclink2e,eP4#MK\hfa
88,zsouza2f@symantec.com,wawde2f,"tV6>&aJ,W"""
89,kdewar2g@columbia.edu,abrydon2g,dR1`xGP3
90,pladson2h@friendfeed.com,awyke2h,vD6%nKuN*
91,atorre2i@topsy.com,dbedbury2i,sN0'lME46N
92,lwheelband2j@rakuten.co.jp,aobal2j,qC5<>H9MR
93,srubenfeld2k@disqus.com,jcrumley2k,jI0.@%=eq~
94,smedhurst2l@businesswire.com,sfairlem2l,iW9{4dw'ejL}n<
95,mgeeson2m@live.com,wcolthard2m,zO1#m5(_h7Z'
96,mmagnar2n@dailymotion.com,cstrothers2n,rM8&jaBL&l$67H!
97,asmoote2o@vinaora.com,ecrewes2o,"rU9',o.9Ab.Ey"
98,kneeve2p@liveinternet.ru,hmontier2p,hW9.NjMnt
99,creeders2q@merriam-webster.com,umcclaren2q,mN7*d0nTg
100,amacnelly2r@hao123.com,hpannaman2r,sO9=BO>j@cEn2M<Z
101,abumfrey2s@yahoo.co.jp,jbridell2s,iC4|W818$B_
102,jrollinson2t@mashable.com,gpoure2t,bF1?h>1DE6fDG
103,fsaiz2u@soup.io,dwakes2u,xB4&r}o%M282
104,hreast2v@timesonline.co.uk,llukasen2v,"cZ9""49}6ZlqD`fa"
105,kmcgairl2w@ted.com,cwindram2w,rA0)oMZl6~B/L
106,pgant2x@scientificamerican.com,ssummersby2x,tK7/T#}eaY%Dyq`%
107,dlinham2y@dailymotion.com,ssimyson2y,cF9#b'=Rp
108,mdidello2z@oaic.gov.au,bhaistwell2z,vS3`8Du)J|
109,gjordison30@ask.com,bcattrell30,iU9@oKyyT!ff(w
110,sbente31@un.org,amcvane31,"yK2!7Qg,"
111,bkilius32@cnn.com,lbollands32,"mF5/W.`""bw#n"
112,zcaldera33@bluehost.com,scater33,tL7{t<.T4
113,sleaver34@scribd.com,cscarrott34,yU1&9=N&DumB
114,rpilgrim35@w3.org,bdewdney35,xE8<IT1Q?d
115,erevey36@google.it,tpieters36,eA8`=MRaA
116,gmcgrill37@google.com.br,rdwerryhouse37,"gB4#PR~Biy""/B"
117,clequesne38@irs.gov,gbrassill38,tZ7.jboQ
118,tcreenan39@imageshack.us,rbelloch39,qG8)R~|FB%=e
119,gmatuszinski3a@gnu.org,gmariault3a,bP5?t5uBkV_pf
120,fexall3b@amazonaws.com,dpoundsford3b,mA5\_1Li\/g&w=U`
121,brodger3c@sciencedirect.com,chammerton3c,"qU1""cgb!2DTC'"
122,mcaulton3d@blinklist.com,nhighnam3d,uH7*EE+G<oZ&J
123,gwassung3e@house.gov,mlouth3e,hZ7|tm.K8*7
124,fkelbie3f@youku.com,kpesticcio3f,rV7*zF<94
125,kroskeilly3g@xing.com,afriary3g,jI5#KXm~pLl*
126,csemechik3h@sakura.ne.jp,rdecristoforo3h,zY4~3a!xm2
127,isheircliffe3i@ted.com,swraighte3i,"hY9,QfdzV%L+VX"
128,oemm3j@amazon.de,rmolfino3j,qV4@I}{dkdz|v
129,gbirchner3k@tinypic.com,ktrodden3k,bB0\74pT%X
130,shalloway3l@youtube.com,cspyer3l,jY4+W8w!ey<FV'JI
131,ysturridge3m@marketwatch.com,jgerrelts3m,wC8$gyr)\A
132,pcamplin3n@noaa.gov,ehenzley3n,vU1_yS}kbis'kW
133,idaws3o@pinterest.com,estennine3o,vY1$y&R9X
134,atue3p@netvibes.com,lkeyho3p,"iJ7(Li7""r}86#,!g"
135,apimlott3q@globo.com,ubewlay3q,zW3?TFHJd
136,ccurrington3r@senate.gov,shattrick3r,"gI6,ju\i3Nwk.$B"
137,jlorente3s@fema.gov,agimlet3s,"zA1,v3U~T7Y"
138,cdyott3t@quantcast.com,vincogna3t,wT3%(wwOK\6<
139,fagglione3u@bbc.co.uk,mslot3u,gS7.#~nw)0
140,amanntschke3v@sogou.com,bstyche3v,kJ7'L!Eu(5rD
141,ddhennin3w@liveinternet.ru,hcolnett3w,jZ9$08wN\
142,mmccree3x@yellowpages.com,dconachie3x,mF0~azCDk4w
143,aweedon3y@aol.com,bwychard3y,iC4_#r)JR53I4(_&
144,ctreacy3z@surveymonkey.com,cnusche3z,fW1?P/H5
145,hetchell40@meetup.com,apersitt40,fJ6>GR2t
146,shigbin41@networkadvertising.org,lmcwhirter41,"lF1$d""*qhl'mk"
147,agabb42@amazon.co.uk,codoghesty42,nN5\Z)dE5D0D|
148,cfishly43@dmoz.org,cbroinlich43,"wN6""Zu*0/?e"
149,esaffrin44@ucla.edu,opring44,fU5*6y#(
150,emaude45@mtv.com,areaper45,wF8<%_0T`NDYgk
151,bvassie46@myspace.com,mskocroft46,tM0=rs|.T
152,rgreensite47@newsvine.com,hmannagh47,sW5|?KMl6
153,abromehead48@pbs.org,jrawkesby48,eP5`5+mz_&\j
154,gkolinsky49@weebly.com,jduffell49,iP9{'QCW./yo
155,asteuart4a@ow.ly,fmackaig4a,yG8\xm!1P\zQW
156,brothert4b@cam.ac.uk,amaccague4b,xH9_G=h0
157,njozaitis4c@photobucket.com,eledwidge4c,"mU5|<k!w?E.}i"""
158,ygerleit4d@hud.gov,tkalisch4d,vE5*&)7}z8s
159,fmcilvenna4e@hexun.com,cgladdish4e,hQ0#|R>pJP=p<f
160,dracher4f@hexun.com,hgiovanizio4f,qG9?Z0.zA9{
161,zelmore4g@goo.ne.jp,qmowles4g,mA5=Y*}1YW
162,estretton4h@who.int,jmccorrie4h,bH1&\)U.
163,lpfeffle4i@loc.gov,nclemmensen4i,kR3{q!?UyY
164,wlorant4j@facebook.com,efollin4j,oT2'IE\O%h
165,estaynes4k@java.com,oaire4k,"oF6(dSPS""GZ(%a"
166,ksalsberg4l@cdc.gov,cgabbat4l,bP4\!*<@Rjy&BX&
167,aquipp4m@princeton.edu,tdillingston4m,bP8?$T%WiYB<e?#q
168,mtulley4n@yandex.ru,rmcinally4n,"eP4,ZCdR+@RBG"
169,jhaily4o@wiley.com,bcurnokk4o,pI7&eYZHb6A&?Q
170,rwreford4p@ocn.ne.jp,ktrotman4p,rR2'NxO.I)%c9
171,gpues4q@odnoklassniki.ru,jmccerery4q,"rH1{',Ar_J"
172,cthomas4r@stanford.edu,mollive4r,"oT0(!Iye""/G,ib%"
173,gwhyatt4s@friendfeed.com,krubi4s,oW8$AC$ad
174,abernon4t@squidoo.com,bguy4t,jJ4&8.(7I/}eL
175,tflaunders4u@google.ru,cralton4u,zL7*4\l#cNC
176,lganny4v@unc.edu,halessandone4v,zC2#|2udk\sZ
177,ahalsall4w@umn.edu,srawstorn4w,xX2~rSEb6$BT>U
178,kfrunks4x@dedecms.com,fstanlike4x,"lC8%`DerI""E<"
179,ndinsale4y@go.com,jbartali4y,fO2*9bmOD
180,astannett4z@privacy.gov.au,sludwig4z,"wU9>i,B=>lY"
181,mdavsley50@cornell.edu,hlorincz50,"vF4|a,iz6t?"
182,mrosellini51@examiner.com,cdoolan51,nK6!z+aZaDZ7?
183,vbielfelt52@narod.ru,kscholcroft52,wV4~`R5mMs!SxUW
184,cfowlie53@yale.edu,etattersall53,nO8`o~cF@mxFlz(
185,jmudie54@shareasale.com,djendrassik54,nP0>x.C1b!gC
186,rsprowson55@go.com,dchaloner55,wH5`Qm9xXi
187,bpolsin56@fastcompany.com,mifill56,tY7#pWGOd2U
188,mhonnicott57@businessinsider.com,sfahy57,aC9}WXuI78.&qn
189,gmccloughlin58@nps.gov,torris58,iW8)%w>U_(srbfD
190,scranshaw59@usa.gov,mhaygreen59,gV4+pB87+@8@C+
191,cstudholme5a@free.fr,mmaren5a,wK4%7*p`.`{S!@!M
192,ahammer5b@51.la,ttownrow5b,"fH6!9,GRN"
193,pgrimbaldeston5c@photobucket.com,cruegg5c,qV9~H}k~9
194,jascrofte5d@cafepress.com,cclementi5d,rT4)`n&Q{\
195,ubabalola5e@archive.org,nriccard5e,"kV5#jMM""$aBX"">`"
196,mphilbrick5f@scientificamerican.com,bwellsman5f,yN0<hKc/8\?
197,gapark5g@histats.com,bjocelyn5g,"oP4$""Deb+"
198,crayworth5h@abc.net.au,hmowett5h,cF9`W`cOEcVJS
199,pdoy5i@icq.com,cwilmot5i,lG7))G*'1(
200,nalvar5j@amazon.co.uk,wgirardeau5j,"oY4&!C8}(mPA""t"
201,gdory5k@tuttocitta.it,klees5k,qZ0}p'M|Uw.&Haw
202,ccalliss5l@bing.com,cdeville5l,dS0\=#xF'rBB
203,mbosward5m@shinystat.com,hswires5m,"iO7%5z7tM}},x'&t"
204,bconey5n@hp.com,zfreschi5n,iO9=Y(CFz~_@u!
205,jhubert5o@google.com,dkabos5o,nH9)4L=$FK<jJm
206,davrashin5p@biglobe.ne.jp,eesch5p,tR1.nLdJZ(&@O
207,vpiche5q@psu.edu,nben5q,vC8{8L9L8MFBXi%@
208,speppin5r@4shared.com,fpordal5r,eT0/.|$W2}
209,mbromfield5s@yandex.ru,srobelet5s,"dC4+Xg1B}GqEp*"""
210,wswan5t@mozilla.org,xyarn5t,sI7{5b_uz~N
211,cdumphrey5u@bloomberg.com,krobilliard5u,dK9#WqH\<B$Y}r
212,lglandfield5v@taobao.com,dmacvean5v,qJ8<xNFRrTMs8B(
213,ghaldene5w@economist.com,clafranconi5w,xG4\WZ/oj!~+O
214,smacpeake5x@mail.ru,abasili5x,gZ7}?Tu)3H/
215,tnorbury5y@blogspot.com,nswansborough5y,jJ9$#?zFq$#oG
216,kbeckers5z@cbc.ca,cbrandts5z,aG1%\FJ2*
217,bmacgilfoyle60@mlb.com,smccadden60,"pA2\N_'g2""3C"
218,ccroall61@cnet.com,emaryan61,xC6~IS8U_xAq
219,afitzpayn62@china.com.cn,bbulpitt62,"gX7""OY6x)Zcb/iBn"
220,gmaccarter63@psu.edu,pbolens63,hN1?gtQT~)S
221,lcosslett64@eepurl.com,tmebes64,xN0'nFX'+
222,wleestut65@timesonline.co.uk,aolivas65,"tA2""GDA*VZ"
223,cvasler66@walmart.com,gfoux66,yV6<HCZwHI
224,tlaise67@ovh.net,bollerton67,"gC7,Yxx|!d2mM"
225,dsnoxall68@skyrock.com,svisco68,gP3!te6}z8
226,jcrandon69@reuters.com,kchawner69,"uT6,<4~cwL9%"
227,tkohtler6a@bing.com,ayukhov6a,lX7!fJ3<MT)j
228,bgianuzzi6b@ucsd.edu,jstronach6b,rV9=$P#P/b`3H
229,llymer6c@stanford.edu,staberer6c,aA4&NPjx
230,laistrop6d@businessweek.com,tgorce6d,xO4`579/%0jI
231,pkollaschek6e@moonfruit.com,ddungate6e,uA8!*UQ&%Ise
232,blamberti6f@fema.gov,rdowley6f,vZ2.UFFfAa`
233,rbraddock6g@howstuffworks.com,amccaighey6g,jP7~f#GQG3HpOMQT
234,jbearman6h@ucsd.edu,lmilesop6h,"rC6|N*xi'""ac"
235,jleprevost6i@cmu.edu,bsheerman6i,"qB6_6d##""}<0{"
236,agallant6j@vkontakte.ru,schrister6j,tU8%K}JYKeYc.qxN
237,mperryn6k@tumblr.com,kantonich6k,mE4>6>t_(KC6AM
238,rmerigon6l@plala.or.jp,mstrawbridge6l,"nP0<x2*dDKo0`W""w"
239,dkneeland6m@cafepress.com,blayfield6m,zG5&7H}V&8#
240,hbusher6n@macromedia.com,dyouell6n,"jS2""98aiYa3"
241,ydockree6o@feedburner.com,jwitard6o,wM8#Pdfonmm$
242,hdwerryhouse6p@hugedomains.com,oedgett6p,zY6@>#%%E$0%
243,acourtese6q@linkedin.com,bflatt6q,jR0`7#RL`dvD{f
244,ajellico6r@timesonline.co.uk,rtweedy6r,"jY7~,LS<'$Oc5Jm"
245,jheinrici6s@devhub.com,pglenwright6s,"rV9_7I/L"""
246,fmutimer6t@npr.org,bcuming6t,mO2{<2Io5j=8sV
247,tpugh6u@census.gov,cmorden6u,tD4*XLy~vxkp
248,pazema6v@delicious.com,feberst6v,sB7+2fn~9~0
249,reversfield6w@prnewswire.com,sklazenga6w,zG1/(X=y
250,gwastell6x@infoseek.co.jp,ldye6x,eX2/Q/%_m@A=
251,jakenhead6y@arizona.edu,asteinhammer6y,"eQ9""j86b"
252,cbroke6z@bbc.co.uk,ebernetti6z,zO1`6Fonk38d*C
253,bslobom70@cafepress.com,cbedinn70,jQ5!4+Mi
254,ebackshall71@msn.com,cabbitt71,tP9%nbeq!SA*Lb
255,kblacksland72@google.co.uk,squinnette72,"xM6\6=K#g,<}$"
256,jstruss73@imdb.com,jtiltman73,tA7)B!<2+
257,pprescot74@ebay.com,shymans74,uP9}LEbkr#cuRp
258,mmalpas75@people.com.cn,fpeabody75,iX6>!2?=i
259,jgiraldon76@cisco.com,acoupman76,"vW5""|*%eScF/>4f"
260,wflanagan77@storify.com,hentreis77,jW9!W{nXi
261,dtoward78@hatena.ne.jp,rtasker78,cB6\<JdW
262,ntowle79@bloglines.com,astairmand79,"aK2#%AUp2Q"".<"
263,amanville7a@wp.com,fbolger7a,"gV2!""g}$>))2MM%"
264,gthunderman7b@nsw.gov.au,msheard7b,zB4#w3.joN
265,searp7c@ucoz.com,bcottill7c,cJ0_9)7_
266,jmcgiven7d@senate.gov,rfarlambe7d,wG9=CIQE
267,cunsworth7e@printfriendly.com,mhartus7e,"nU5$Z""?Y6z9\ZD0'"
268,haddekin7f@merriam-webster.com,mlaight7f,eP0~3L6g
269,bmagenny7g@discovery.com,lhorley7g,oU6+#3d88l
270,aadamini7h@google.co.jp,acaro7h,yU6<=.3F=aP~
271,ltruckell7i@ifeng.com,edaniellot7i,"mQ0+d<qIE""Dx?"
272,sbolmann7j@mac.com,dmedd7j,"kV5~aY'""SsN"
273,rspeeks7k@dyndns.org,ksowman7k,dO2~4~atFb*gZ
274,lmulvaney7l@oaic.gov.au,bschall7l,gQ4{dX4(g
275,jsummerrell7m@feedburner.com,mbosley7m,iR3!dI<xB!H
276,rfrosdick7n@google.fr,blies7n,vG5)7hVRr~
277,dhanster7o@qq.com,jgreenrodd7o,kN7#.=sl2{A
278,mtrew7p@typepad.com,mbreslin7p,kT3_cK.9KJ'<X
279,wbacon7q@odnoklassniki.ru,vgovinlock7q,wY7~bg=_.j2i8
280,fderisly7r@blogs.com,gmurrell7r,bV6#u{=J>mTxCS{
281,gruddy7s@sciencedirect.com,dbufton7s,hV8$u`Zeah$m
282,cbrumble7t@last.fm,whull7t,wL6<opfzita
283,cmaddox7u@si.edu,vhug7u,oT0+yZVldU{
284,kladbrook7v@barnesandnoble.com,cdonald7v,oP8{!y5PJe6$3z8#
285,lkempster7w@washington.edu,cbarthrup7w,fF0|bE?0
286,bmartinovsky7x@pbs.org,lburchnall7x,pO8*%DC{.r_
287,rwitnall7y@blogger.com,btwigley7y,"uE7/Y4i>Z,bRC(lK"
288,gwogden7z@fc2.com,rhanne7z,"hU5_,0$c&Jkss}i"
289,wnollet80@cornell.edu,bwinney80,"lU9%)X@QtVIZ"""
290,dlivett81@furl.net,ftrusse81,dO7|brA7w5fQCX+
291,mlesurf82@goo.ne.jp,kreddick82,tU9?w2oF
292,tpaoletti83@nifty.com,zcrebo83,"rL4_(K3}"""
293,tathow84@slideshare.net,gmcmurraya84,fQ4=#LM?Yd21(Z|
294,nhowse85@rediff.com,bmackness85,vV0/c{kIF
295,lstoyles86@arstechnica.com,emackin86,bZ4+qXYoh@!~}3
296,bfewell87@uiuc.edu,cskerme87,fA2}}!<UA>
297,rlerigo88@marriott.com,mmatschke88,kO6}yhsRAA
298,rlorenzetto89@disqus.com,sbarukh89,qZ4}vFv\CuOt>|o
299,odudlestone8a@flickr.com,lhens8a,hO0=~2(Mqo1W6hWQ
300,eoleszczak8b@sbwire.com,chuskisson8b,pO3_@b`'
301,tmccauley8c@dell.com,edesavery8c,"gE5|,DsOulRI?*a"
302,mluetkemeyer8d@sun.com,sterrell8d,mZ6{|cy&
303,amcgenn8e@comcast.net,spenley8e,fT1+B9?qw@D}oMg
304,ericardin8f@soundcloud.com,sshakesby8f,"rD5\b""'=aO"
305,sthrasher8g@loc.gov,bcottisford8g,"cW2)T<qO""K$OI"
306,dcordelette8h@tripod.com,sresun8h,dR2\hT9mvm>k38
307,zgoullee8i@nymag.com,gdrakes8i,tF7!Wdg*
308,vgrave8j@intel.com,apryor8j,hI4=q2Ty
309,agipp8k@nps.gov,mfettiplace8k,"sL6}+Js>""""y'z"
310,kwinter8l@twitpic.com,bkleinmintz8l,eT2!2`'kGF
311,jscholar8m@imageshack.us,wburgen8m,dZ2>$8ED>\`
312,egiacopello8n@printfriendly.com,cfreeburn8n,wW1@6ZC.v<H'moB
313,kskerman8o@go.com,dspacey8o,zY2@bQ$yL
314,agirardini8p@wsj.com,kcalladine8p,lW5`Efsg
315,jprimmer8q@boston.com,ehissie8q,dI4<J.o$(@
316,jlebang8r@pcworld.com,dbroodes8r,"kJ4#Ews)U5?/y,8"
317,llayburn8s@wisc.edu,eskentelbury8s,"oK2/E""rAnFu"
318,ahoundson8t@github.io,srittmeier8t,vM2%d|Aa6SGeXL
319,elaterza8u@ehow.com,brizzello8u,fF7|$D8fPi5v
320,cjennions8v@soup.io,farsey8v,yH2(sQO/0TIs0
321,scasa8w@youtu.be,rmenico8w,kL0#@Pe)mWT$
322,pzink8x@1und1.de,sdevonshire8x,lU0'VQ>sT
323,tlembrick8y@ebay.com,hcusick8y,rN1~/gq~@qKT
324,rspilling8z@hibu.com,ahuske8z,"hB5'awF3""l*f/(fG"
325,scraister90@fastcompany.com,scawdery90,"gW5,ws#1Q4}|#$ew"
326,tgeorgiades91@yellowpages.com,jvynoll91,gG6_6j)U|3e!1Qbj
327,mobrian92@nasa.gov,dbonnier92,dH9#GcL4{!Hxf
328,aphilipeau93@soup.io,abonhill93,tX8}L?c9Zyap}@
329,cpattillo94@imdb.com,tartist94,pI1\}qSz)qBG
330,ksate95@latimes.com,fmaciejak95,uO2?%/e.7wv~
331,bblampy96@nydailynews.com,mdando96,rH6=IF|kfx
332,aesome97@springer.com,cnolte97,"iY5*M&""m3F0pNR"
333,rrose98@de.vu,sdikes98,"gC3,t<TP""oXe9"
334,evaan99@weather.com,rburdess99,fI7{uISqS2Kk
335,brummings9a@smugmug.com,cmunehay9a,nK1{F>5kzB
336,dbullivant9b@moonfruit.com,vsymington9b,cU7|TFY0wCI~_n
337,wwilleson9c@comsenz.com,ateaser9c,"nA1{pddI>Lhu""(v"
338,kscorah9d@howstuffworks.com,ugoodlife9d,"zT9'x=~?_""z"
339,mkearle9e@discuz.net,tweinmann9e,vC5#iEUw6{
340,hsimon9f@unc.edu,criping9f,zV9)Qnm=C#l0a!m+
341,tsyddie9g@fc2.com,bfayerbrother9g,"qM5&6A,))"
342,ccapel9h@moonfruit.com,wpowley9h,sJ6'TR0F?GkWZ
343,sgoncaves9i@diigo.com,bfrostdicke9i,wQ9+sfqd#=S
344,kbellanger9j@multiply.com,ovagges9j,xM9{v2ShPkQ%cy{
345,ryglesias9k@tripadvisor.com,mronaldson9k,zY8(SKuV$9_H_Vq.
346,pstachini9l@japanpost.jp,eshimmings9l,lC2!9mpSrZ
347,mliell9m@ebay.co.uk,gcallinan9m,fO8@7}Hr+Ven|L+
348,bkevis9n@mediafire.com,jfuster9n,nK0~Cb6m~xUs
349,lwatsonbrown9o@census.gov,slafferty9o,kX8?B4F|
350,zangless9p@msu.edu,eplumer9p,iE7+woZ4)
351,ssilverwood9q@webnode.com,bgwinn9q,cD0{WE?IbkJ=*{$<
352,ikarp9r@google.it,rchitty9r,tE5>&uXLB7lR
353,ngallichan9s@flickr.com,bcroome9s,"wD6/h""zWz(<dQmU&"
354,mkebell9t@baidu.com,dricks9t,iV5>mW_F#Ts70+
355,vborland9u@jimdo.com,etiller9u,"yW6}{Z/i""L""qt)T"
356,maaronsohn9v@noaa.gov,lcarnachen9v,vW4&}{j(JER7
357,gandrasch9w@deviantart.com,cbevir9w,sU1!mv0.qam@
358,memanueli9x@twitpic.com,jgulley9x,yE3@q\cfQ%EK9#i`
359,cgrushin9y@cocolog-nifty.com,rchestney9y,"hZ0*~},*1?k"
360,mploughwright9z@europa.eu,cguitte9z,xG9\_Gf9&!2MPdz
361,lrennekea0@behance.net,cbattersbya0,"vN5|CM""*S1,&"
362,fdingsdalea1@diigo.com,voswala1,yJ5/TX?9gj?C
363,vfawberta2@google.co.uk,gpotteridgea2,oX5`l0|6ehhT#
364,fyegorkina3@wufoo.com,epidlera3,iJ4#(ZfPHEcOdL
365,carlowa4@mayoclinic.com,hrichingsa4,iM9#95fCS
366,ifayrea5@storify.com,bmarkla5,"xB8>N?,$|6+"
367,shanwrighta6@epa.gov,gclurowa6,gJ5>+Y}UpV?
368,vraddona7@sbwire.com,mivorya7,yC4=9=12
369,cjankowskia8@nytimes.com,gmeakesa8,mP9!c>%QBv}x
370,fcockshutta9@blogtalkradio.com,aduigenana9,"dB4!R@`,cX<s%"
371,basalsaa@theglobeandmail.com,hakermanaa,"dN7}#75""d4rYRLW"
372,cghidottiab@yahoo.com,wquinetab,hF6/k}&6pqv
373,aaspreyac@dagondesign.com,tsetterac,hH6*)AEzzR
374,bstuartad@dell.com,pabramovad,jO3`r=9*7Jf5
375,iskyramae@smugmug.com,owarbyae,bA5&'/Cm
376,cgarriockaf@geocities.com,raspreyaf,wI1~)I&8ddBJ
377,fattwaterag@prnewswire.com,kcogdellag,aO5\DoFRh{>q&
378,umarquandah@who.int,kfetteplaceah,yB2_)|O`&EQrd)
379,lweatherupai@uiuc.edu,tmcgonigalai,rT3.rZV~`>U*O<R
380,kdemangeaj@bluehost.com,lstigersaj,gB1}TtuJ7'3
381,yaickenak@ihg.com,cvanderveldenak,rZ1~$U6Xzia!@`Z
382,pmiddlemissal@narod.ru,oclouteral,aI1=4j=g?KYtRzC
383,bcameranaam@google.com.au,tabrashkovam,jV4%EQ/xE
384,palliotan@cdbaby.com,smilletonan,fO7{rJELX+a5V{56
385,fiorioao@storify.com,sscotfordao,pN4?zK(O1v
386,cgoldsterap@unblog.fr,rpaoloap,"xP3""4H8""}_9z,f3l"
387,etuilleraq@clickbank.net,cportigallaq,wH6*SKy`Y6q`
388,bhollingsbeear@friendfeed.com,tbrockiear,rY3!Ao?!8s
389,eleamanas@google.com.hk,edowsas,rT7+&oQ{v?}d+
390,ceasbieat@google.cn,msemoradat,"oG1,K*Z0{T}YO"
391,cblockleyau@apple.com,kgilletau,"wH0$JM""1I"
392,jbarochav@ifeng.com,ecarberyav,"dZ7@D"")`CrWFYlu"
393,ilowndsboroughaw@slashdot.org,scossomaw,"oM2*m""Isr@c"
394,relgeyax@artisteer.com,dtebaldax,"bJ8@oc$|60""OA#R>"
395,rcassedyay@tinypic.com,vpetrichatay,lR2{+C61AfzJ_`z
396,rmorrelaz@oaic.gov.au,tdurandaz,fS4.+o`\Z0@hj@
397,rhaganb0@smh.com.au,cblaschkeb0,"iU8'nG794""<"
398,wastlettb1@hexun.com,acolquyteb1,pZ5{WD3I
399,rhessenthalerb2@cam.ac.uk,usachb2,tB1_ORBG!5cm!
400,vdummerb3@unicef.org,awicksb3,"yV4""Derxuop"
401,jdoberb4@hugedomains.com,htreweekb4,"rP3&rdG|iT'""n"
402,wclinesb5@zimbio.com,rdeveyb5,tU9|H7GwB+~%/1`)
403,econsidineb6@hhs.gov,fjanaszewskib6,wB2{s1y45i2nYT
404,lallakerb7@geocities.jp,dadinb7,fW6<OGeSj~#|)6B
405,rbrieretonb8@boston.com,djappb8,gW3<~<k9#?
406,ssidawayb9@wikimedia.org,bangellb9,aV7~ofX3U
407,aebbuttba@ibm.com,bweightmanba,iT5(ZB|}I=O+Oi
408,whymasbb@google.de,rmantlebb,jN4)*0Lt6<X_j
409,nshelleybc@angelfire.com,bcoxheadbc,nE9!MoTl
410,pmcguineybd@free.fr,zbramhambd,kR5'Qlv)
411,lbyartbe@instagram.com,amacquirebe,oV1!&rysG_f4MjZb
412,blemmanbiebf@state.gov,tsmailbf,yE0@1$+Up8ha>t
413,jselbybg@va.gov,rbinyonbg,iV7&7Z2!`20MBg'V
414,vkirsteinbh@ucoz.com,hcarstairsbh,tK0$7PyP6XX
415,teatttokbi@amazon.com,rwytchardbi,mW7!34tBH'k
416,triccardbj@usda.gov,ejancarbj,xH5_\p#N`dY|&
417,tmaciakbk@yolasite.com,sfeavyourbk,eW2'MTfJS
418,cturbardbl@storify.com,mrechertbl,"eI1{}""7>/"
419,lshilitonbm@yelp.com,ngossanbm,jP5`Vple=q=
420,kdemkebn@tmall.com,sonthankbn,zN1\~MYDKhE<U7
421,mdavidaibo@ftc.gov,dcornbellbo,zS7.ZJP*#Lh1Pp
422,gblaverbp@fda.gov,lkolushevbp,xA0_OvL*uV|g!>
423,cgreslybq@shutterfly.com,gturmellbq,uJ0+LCC_jj{g
424,lyarrbr@utexas.edu,bderillbr,oR4'xyc2Hr\|
425,amacnucatorbs@hibu.com,rzannottibs,jO5>j{Xg32r0v
426,btrevanbt@gov.uk,mbazelybt,"hI3}i""c,"
427,mmouldingbu@booking.com,aredwingbu,"cS5&,DPz2"
428,hparrybv@oaic.gov.au,dlaxtonbv,yZ4/@nlO
429,mvanyatinbw@eepurl.com,sotterwellbw,mD8>Yx!G
430,giacobuccibx@purevolume.com,uperrettbx,mU7>`CfWP)
431,bcorradinoby@theglobeandmail.com,sduligalby,gJ7_/mq9q3E+6Lh
432,epinnegarbz@miibeian.gov.cn,mbeharrellbz,uS4>7YH#gutaS
433,cackwoodc0@hao123.com,oberkeleyc0,"tT2""kvu%S/SZ"
434,kearpec1@sphinn.com,hleonc1,"tF1,k?{`I|eD"
435,jaycec2@ning.com,dhalmc2,"tC5=Ld6@>*E""#hI{"
436,ycostelowc3@walmart.com,ajeanetc3,"rC6""l`d%duC46"
437,wloaldayc4@cbc.ca,aatrillc4,zS2`BC!)968#
438,cpoleykettc5@buzzfeed.com,sbroadleyc5,"gR2,do3|CeB{"
439,nswitsurc6@imgur.com,jpinnigerc6,jQ5~X{)/\`7_
440,ccarmoc7@blog.com,sbanasikc7,mE6'2*`~
441,nbitchenerc8@usnews.com,cjellybrandc8,eQ6?N.s$LjHK_R\i
442,clarkcumc9@stanford.edu,zhugninc9,wA2~U`fdei&{
443,emacmechanca@ibm.com,mgoodgeca,"rI9""FZuMHIM!)>T="
444,lchapellcb@mapy.cz,bdoddcb,kR7!/\pe
445,kadnamscc@youtu.be,ejuliencc,eN7+_8hf2_/qIS
446,tdanfordcd@wp.com,jfantonetticd,pE5%xU@{B/1~D
447,ltrustyce@ucsd.edu,ckennettce,kK6{gh8F
448,akleinplaccf@rakuten.co.jp,khugkcf,cH7{<'w~O|2
449,pclisscg@1688.com,aadcockscg,nI8!KE)v
450,gstretech@blogtalkradio.com,tlanderch,"kH4\_f@""+.`v+(.$"
451,kreeveleyci@barnesandnoble.com,dcliffeci,"gT2+yi82""}Q7"
452,fverheijdencj@bandcamp.com,ageachcj,"iV8}""1$r&m(o"
453,rquillinaneck@hostgator.com,rburgwinck,eW2*.b'bYbNrGs
454,mseylercl@discuz.net,bgianellicl,"gJ8#h""K5""Q"
455,hdickenscm@cdbaby.com,tcamiscm,gK0*oG)Qn3BD%rA
456,aalexandrescucn@wordpress.com,mclendeningcn,"aJ1/&""p@+D_Q0G"
457,alearieco@comcast.net,brichardsonco,pB9+E=r!m!
458,ktarboxcp@freewebs.com,kbealtoncp,"aQ3.|,X#!o@~BT{"
459,odewberrycq@arstechnica.com,fcongdoncq,"oJ3)z0j,S4UdP"
460,ccrickmercr@state.gov,athomtsoncr,"iG7,gh/.F!&&"
461,tmerryfieldcs@hexun.com,bstenercs,pW0(HkzOL}<
462,kglenwrightct@state.gov,ttappingtonct,dV5)sy)Bg|%3v
463,akirmancu@imdb.com,pfancuttcu,hU7#P}L/
464,khyltoncv@unc.edu,challfordcv,"rA4'p0/g)A3,)FY"
465,bmontelcw@mashable.com,sebleincw,"kA9`hR,qOi9,{)"
466,rbenezcx@craigslist.org,sdalindercx,"tU1\J8VzCX/i"""
467,pkimecy@theglobeandmail.com,aharnesscy,wJ4{8vugngDcq
468,baupolcz@sourceforge.net,bbarrassecz,zY3?p3+gAm'.OZ@
469,slinnockd0@usnews.com,gcecid0,fV1<7nn\4+i
470,bsmithd1@artisteer.com,ggunterd1,"sN7""sfUuv8iSU."
471,cdowned2@ucsd.edu,kmingamed2,jN2!A$HP~
472,klakind3@stumbleupon.com,cbossonsd3,jE3%IZH{LEY}
473,mmillwardd4@samsung.com,maudusd4,oS2*#t|~~ltGs0
474,ndaviesd5@baidu.com,ablunnd5,"bV3""n_""V"
475,gjulyd6@ifeng.com,jhised6,wY2/#hz.Y?z
476,vpedrocchid7@mit.edu,shoodlassd7,dC7\khf<P
477,ebrittlesd8@ebay.co.uk,dbrichamd8,"wG3~iBso2p|*I4A,"
478,fkylesd9@huffingtonpost.com,tmastersond9,iQ0'~1N4
479,bocurneenda@w3.org,lfishlyda,fN9=IQ*(236AWh
480,ecolletedb@ehow.com,cmckechniedb,wO0=1_sr/dYE\.W~
481,kelcedc@amazon.co.jp,aespinoydc,"vI2(,qdq8N%Y}`*F"
482,xruddlesdendd@sciencedirect.com,alillgarddd,"mE5,uM)$c"
483,briellyde@census.gov,msnaddonde,nR4{0.PjbI~MrMd
484,abignalldf@cpanel.net,nworvelldf,"gJ6/oV,P<nU1$"
485,imillarddg@purevolume.com,tconstantinedg,oZ2?%C>\>
486,bshaddickdh@chron.com,lgilhouleydh,eP4|fS/$gUq$6'o
487,cpovahdi@vkontakte.ru,yjamblindi,"iY7.S.Xxy""SR+"
488,smacdavittdj@army.mil,klayingdj,aP9#|~JYg\$e(
489,dadkinsdk@paypal.com,jaddymandk,gC3@2bF*cF4Fg}4A
490,bdelongdl@theglobeandmail.com,cplumsteaddl,mU0)&_J'vbc>v.@
491,vgrinvaldm@unblog.fr,mbispdm,lW9/*.v)xjo
492,bsmittondn@issuu.com,khousecroftdn,rM6{3q)<J**
493,fmooredo@moonfruit.com,pjando,"rI7,Su{k"
494,lradclyffedp@icq.com,kbosenworthdp,"sB2,97,,Zop@"
495,ldillintondq@elegantthemes.com,jhackleydq,lU1+#RyPj
496,imcpakedr@freewebs.com,ytayloedr,"mE1=4rfG)S,X5f1"
497,gcapelinds@jalbum.net,srivallandds,kI6=CaorsLy
498,lhavvockdt@ovh.net,bduggetdt,kI4@`v*Q'VAP}
499,owildgoosedu@ibm.com,kshenfischdu,"nT5(+>d/|""Z+(7"
500,gstrothersdv@booking.com,kschaumakerdv,bJ2<K~A0B3
501,rkeavesdw@tamu.edu,doverlowdw,aR3%$=p\
502,nericksondx@printfriendly.com,sokanedx,mE0=iYEV
503,epolycotedy@npr.org,bbarnsondy,gR6<gg4RgY.%BnM
504,csurphlissdz@wikispaces.com,acartmelldz,uJ1~fhBK
505,hbagnalle0@google.ca,vgealee0,kI4.<9Hcg04IX><
506,rklejine1@go.com,kleale1,xS0_QWhS#P'PN}
507,bdoghartiee2@uol.com.br,ringlestone2,xQ7`AKeJ$V>
508,tmacvaye3@statcounter.com,apartlette3,yI7*T{>u
509,abatrame4@baidu.com,olinzeye4,"gZ4,Lrof/'1"
510,ksertine5@google.de,hnewburne5,"hQ5!C/9,'K"
511,tbuckiee6@hubpages.com,egarde6,oK9`3`V0hCgt
512,chowcrofte7@jigsy.com,hgeatore7,mF4/3G9sL
513,aoakenforde8@imgur.com,mnewville8,tI6#*o/#3>.
514,fconnicke9@nba.com,ostourtone9,"wR3%6W""&SyZO"
515,washburneea@youku.com,ddyettea,pW2%St+iRAQ~2'
516,eheyfieldeb@reverbnation.com,ahandmaneb,rZ8'p*64gP
517,vmarkeyec@rakuten.co.jp,gchampkenec,uR2~!|jR2m+4dweK
518,slarvined@dion.ne.jp,beamesed,"pG4,`E<uB<*P8"
519,cjobbingsee@jalbum.net,hsantoreee,nM4>=JC%kB$K)`N7
520,wwoolgaref@senate.gov,etrevearef,kK6=}|)4
521,arottgerseg@marketwatch.com,apippardeg,fW4@taJ<inY
522,jkyndeh@archive.org,mraynardeh,lK6!3EWbd
523,tjacsonei@seesaa.net,wdearlei,"zE0,ZMEpk_#"
524,ctinklerej@fastcompany.com,comaileyej,nR4{x*@Mj
525,sboullerek@newsvine.com,dclailek,xD8%a>SF9&9V
526,abriztmanel@loc.gov,zgrierel,rF5*1rV!Di.`/5L?
527,jlympenieem@free.fr,ebucklerem,tL5}K?I7}_b)EQxG
528,lsorbieen@vistaprint.com,ldymidowskien,bX3}v=6P?g%c
529,kjoslineo@pen.io,rlindheeo,wN2%kyj4('Et
530,tricharsonep@goo.ne.jp,mchatelainep,rU7{obTIKFP
531,mdouglasseq@mail.ru,eboswardeq,vE0|S4l=
532,hvillageer@1688.com,neleshenarer,"wS4)k""WePbW"
533,gmarriagees@digg.com,tdueres,bU0`N(R=}J2O#%
534,khorribineet@about.me,fwalrondet,nL6&v9W~ZdSJH~_
535,mbascombeeu@cnet.com,hyureneveu,kI8\0pf><
536,srultenev@craigslist.org,fkroppev,mR9>5d%VBq
537,wspringthorpew@addthis.com,tgrigorescuew,"xA4,iC/4"
538,mhavenhandex@squarespace.com,vbrameex,uQ9'#Dd/ycDy1
539,gcruickshanksey@boston.com,bjosseey,lX7&P/FWSF!Du
540,rmanisez@google.ca,jmorfellez,gF7`#h=fVWe
541,amcisaacf0@github.com,gfoltinf0,yE7#dY}?O
542,bcollyf1@dell.com,hsainterf1,oM1$C/sp>
543,ogiblinf2@gravatar.com,rsimmersf2,"tK7?%#iq~a""jS@@o"
544,mbrennenf3@bing.com,aelderf3,"pX4_i4""""e>\m"
545,lsandesonf4@moonfruit.com,bdabellf4,kU2`VodD+G=inW>o
546,cmaccaffertyf5@blogtalkradio.com,gmaybeyf5,bN9`UdS9lPG}8m19
547,bmessinghamf6@tamu.edu,cgrieswoodf6,iM8{&qm1
548,dtomlinf7@histats.com,jlowdianef7,"zB1,R<{8"
549,noheynef8@walmart.com,wklementf8,bF8/UPnKNBUiR#r
550,bwitterickf9@unblog.fr,cwrinchf9,sK7(S}|kP/xzi7V
551,aardernefa@icio.us,scanapefa,"yJ5,>xytwv"
552,bemmertfb@cyberchimps.com,lfippfb,"xA5}}dCZftJ$l!,"
553,rwottonfc@reddit.com,mgiaomozzofc,xY6'5ZjY>
554,lkleinplacfd@flavors.me,zwinterburnfd,cM7(G+j)VM
555,kgrevesonfe@xrea.com,droundsfe,dW5\\a=!1`g}
556,ddevanneyff@prweb.com,kstanneyff,rZ5?fVRw1G}
557,asielyfg@paginegialle.it,mtchaikovskyfg,gB0.1r.XIu#
558,ltobinfh@delicious.com,kfossefh,gH6!F#cYm
559,jameyfi@indiegogo.com,ecrumbiefi,wK4>xR`mn(
560,rferronifj@archive.org,adwellyfj,"lT2,5""Uw?GuHXOh\"
561,mhelleckasfk@technorati.com,scherrisonfk,eZ9+dz8#JX8
562,sspurettfl@samsung.com,dshererfl,"cU1>E""(t=F<|%"
563,aavrahamofffm@bluehost.com,ahensfm,"jK4@Y%6,1J>09LU"
564,mfraynfn@myspace.com,cbourthoumieuxfn,"xE6!KWzg""%/Dxu"
565,ksaldlerfo@nsw.gov.au,cohagirtiefo,"vR4""JY~QWWIq$"
566,cmusickafp@zdnet.com,tesilmonfp,jH0~x+bpJ7WI
567,shavikfq@1und1.de,mbradforthfq,tI0={g<)=VZk5D4Q
568,ablawfr@biglobe.ne.jp,cschwanderfr,qY0}%IlaWZ'
569,mtrustiefs@istockphoto.com,zmcilmorowfs,"vB8""D&{,"
570,mslyvesterft@flavors.me,msapenaft,yR2|~N?xEGG_~
571,lhubandfu@webeden.co.uk,estillmanfu,oW4/9ui/
572,rbencherfv@wikia.com,vteaserfv,sU6!/7=>@)M0`
573,mrosettinifw@scribd.com,mgamesonfw,pG2_>W}A&Y
574,estollbergfx@npr.org,fhouldenfx,gM2|Km`B
575,bfoldfy@washingtonpost.com,malbionfy,"iC0(>u2""&hsOpA"
576,slockierfz@geocities.com,lwhaphamfz,gW3>urJ3}*Jx`>
577,smclaeg0@example.com,cturtong0,eA2#@Hyl7i>
578,rbrilg1@seattletimes.com,nmurtimerg1,vX8@m+C'2zR0mJ#8
579,mfooteg2@godaddy.com,fvamplusg2,zR3)oa!jMy
580,oraitg3@vistaprint.com,kstoddg3,gM4\z)IB8
581,fgorellig4@seattletimes.com,cmacelroyg4,"gP3?L77q_2Trj"""
582,hsweatmang5@flickr.com,thudelg5,wF4_{X%NLOV
583,wmcsperring6@apple.com,cjohannesg6,"tS1""o.ou#!V1@_"
584,pmulling7@naver.com,frickfordg7,rA7'O|Y9g)Y
585,woldacresg8@indiatimes.com,rpetcherg8,nM5_{%CG\CwapD
586,fbrowettg9@oracle.com,clowersg9,"kQ3`B*L+$""p?"
587,klillecrapga@slate.com,eaudenisga,sA7*}=n`Tte5
588,kbastablegb@eepurl.com,ihaizeldengb,oT8~~=im>hLVwE%
589,crobbekegc@zimbio.com,dvanderbruggegc,lG0'gZs#L0
590,wcastiglionegd@creativecommons.org,eendleygd,iX5@P.m|\/Kk`c\
591,dfrenzelge@ycombinator.com,apockge,qX9!!f(~
592,ssmyliegf@flickr.com,mhoyesgf,"wC2`""(64""0b@"
593,mskymgg@taobao.com,dmanassgg,nC3(o~UQ~@s!
594,sblindermanngh@prweb.com,bairthgh,mR8.0LRWFDAjHk
595,echampaingi@google.de,rbruhngi,"uX8|,xq>b_"
596,hmorradgj@youtu.be,asnellegj,"qQ2""n#Edv"
597,amandelgk@cbsnews.com,tburchettgk,"jL4""UoK*RasDmGvS"
598,braybouldgl@bing.com,eflandersgl,jW3%8mMRe=78.)~<
599,eleedsgm@pinterest.com,bthorroldgm,sW5=5W<F
600,estriblinggn@mail.ru,lweblingn,fR2)ae=9lbi!0g
601,skinghamgo@scientificamerican.com,tgilgrystgo,"aP0|kG,UW\9/_"
602,mfloundersgp@printfriendly.com,ireisgp,wL7!#?Dv
603,gdekeysergq@samsung.com,ttorettagq,"zS8!$w\,Q<NL"
604,iwyettgr@dot.gov,jnajaragr,zD9@#B_L5v%8>
605,nlancettergs@cafepress.com,clarchergs,xW1+7jEva|4|0ZqO
606,jdablingt@shinystat.com,alympanygt,xG3|qgFvJ928Q
607,swodhamgu@wix.com,rfreemantlegu,"mQ2'!8U,CR7*<b"
608,glanhamgv@e-recht24.de,trovegv,rL4%vj@Zb*KiC7
609,tcathrallgw@stumbleupon.com,jbettanaygw,wV6}S@dEvvv?0
610,dfirthgx@telegraph.co.uk,fickoviczgx,xI6\&?YU=Rk
611,kduffergy@hp.com,jodonohoegy,lM8'puuBP{y.mtj
612,kbrogdengz@gizmodo.com,tpassygz,gS2@\9G+9SCvcqc
613,cvedeniktovh0@ask.com,swhiffh0,vS4<t9y_V#
614,trivetth1@goo.gl,nbaynonh1,hV2`nBE6FGlLXw
615,nsigarsh2@omniture.com,ascamadineh2,oV4_FDgZ
616,lzoephelh3@theatlantic.com,mfleckneyh3,iQ8?pPD'F>GZ
617,nridingsh4@earthlink.net,jclilverdh4,aS0`j$awoYy3
618,rhavercrofth5@nyu.edu,epennamanh5,"oC5""&bjCN"
619,cpotesh6@shareasale.com,jcrocrofth6,rV7{9#7nWvmGP0
620,cspencerh7@omniture.com,mjergh7,tR4$Z<UnxK~
621,whellikerh8@t-online.de,bfriedh8,"pX5.yx9LdhNT,"
622,shengoedh9@fema.gov,cpetroulish9,"hN3`3e=S'"""
623,hbyrchha@cnet.com,olodovichiha,eZ0.icrzTw
624,ssparrowhawkhb@ucsd.edu,upaternohb,xK2<e4d$UA}9n#L
625,shornbucklehc@angelfire.com,rlafonthc,"kQ1=bxc(zyl"""
626,mbattamshd@jalbum.net,aglossophd,aH6|GM7Yw~
627,cgammagehe@vk.com,hbruntjehe,aP2$)+s$9
628,jbartalothf@skype.com,lwinchhf,"pU2,9vvn<"
629,nbearfoothg@yellowpages.com,shudlesshg,xG8!'#8*\RI|g)
630,ndemcikhh@webeden.co.uk,cswainsonhh,"bQ7`""WNc<M1Yh"
631,fkearyhi@deviantart.com,slickesshi,cU7!t_mUGC}tkvs
632,wschwandnerhj@java.com,cmcleesehj,vF2*3Ds8)HxI
633,achenghk@amazon.co.uk,ethallerhk,fR0?ugr{
634,kpurdonhl@army.mil,ckastelhl,mE4=O6kej_(
635,ddenslowhm@printfriendly.com,fvaughamhm,"cY5""#rWvU}"
636,wharrellhn@bbb.org,ncloustonhn,tD3*@lNsc@D$jX\
637,rdallicoatho@nbcnews.com,cferraresiho,"vL3""ydWY~y#D"
638,houchterlonyhp@pen.io,mmccallamhp,bV8*Ly\v|+p
639,skeoughhq@imgur.com,rharshq,bQ2~&'9Jv{m|H5L(
640,gzanetellohr@boston.com,jwinninghr,uE4<M#G>!pq5mF
641,zfraserhs@wordpress.org,llisamorehs,"uJ3""FEha7YI"
642,echurlyht@gov.uk,tmcgrirlht,"hK1>*=rB""A"
643,jraglesshu@spotify.com,jmaskewhu,hG6<eCmau{w
644,lhousleyhv@kickstarter.com,bmollonhv,"zI0""9ayZ,_tqiK"
645,cbloorehw@acquirethisname.com,vbrownceyhw,vW1(v>Im4$
646,svallackhx@indiegogo.com,ssheekeyhx,lK6=@.T+
647,wmcaleeshy@unesco.org,ccornuhy,vE9*z9S6q9j
648,scowinshz@discovery.com,cpetkenhz,bE7{$iD+I&)sF
649,gmoliani0@accuweather.com,hlyffei0,lJ3*eGMhc>g225@t
650,pcolletei1@sourceforge.net,nmuckiani1,bV1}FTcNln
651,whowleyi2@smh.com.au,bwasselli2,"wX7=geMA,p{q"
652,bwordeni3@usatoday.com,aegeli3,bQ5}#m_?mG2d7_
653,frysdalei4@mapy.cz,obeausangi4,zO6<(AF6HCij
654,kodohertyi5@etsy.com,ctibaldi5,qR5}9/'+m
655,gewbanksi6@nsw.gov.au,ldymondi6,"xN5,p8IL6=B*\m"
656,kwrathmalli7@ezinearticles.com,bwarltoni7,wK8\6L+TLVt
657,emummi8@themeforest.net,rgerritzeni8,"xR5$,_`A"
658,eheinei9@acquirethisname.com,lmaccalli9,lZ2$VBRcg.
659,lkohleria@so-net.ne.jp,tpenvardenia,pJ8\nETQ/BP>g
660,wferrarinib@shareasale.com,mcroizierib,pM2)'M2n$e{$\k
661,diacovoic@phoca.cz,jcuttsic,yA7%Lde$}MmItB
662,msnapeid@phoca.cz,amacgillivrieid,sG7}UsId0K(O(
663,rmatuschekie@163.com,spolettoie,kE0##Vj/0oq!t
664,kjamiesonif@mit.edu,gfaceyif,pU5\XR@t+8c
665,jdunrigeig@symantec.com,fphoenixig,zA4/Oi/S<DAJLF}
666,lizachikih@chicagotribune.com,acarahih,cO8#D|B~`C89W
667,mpettefordii@hostgator.com,vpaulischii,"aG2!$JI{kE""WVL"
668,mfarlamij@csmonitor.com,womoylaneij,hR7+=_)aF&t
669,nrosanderik@home.pl,rrastrickik,kH1\fXn~
670,emeindlil@fema.gov,elaurieil,qF2)R2FY0I_o
671,mflorisim@blogspot.com,ctregidoim,"tN5""Vh{za8E>+5k>"
672,ekenwoodin@over-blog.com,mtombsin,"rO8(,+`t"
673,mkatteio@dion.ne.jp,lkoenenio,zM8|coNR
674,mkunklerip@deviantart.com,ehincksip,qP0\M@O~gb*
675,rbettoniq@si.edu,cfrankemaiq,pQ7&fxk}
676,dbraybrookeir@alibaba.com,ofarmloeir,cX9|)3w=
677,esharrardis@youtube.com,uslesseris,"dC3""ki0{j~.qGP"
678,blethardyit@arstechnica.com,ygreggorit,uM8`rLAc
679,cmattackiu@dropbox.com,cfairbardiu,uR2>h%kbzXI
680,nrigleriv@vk.com,lhymersiv,uX8@d1t4JQtqN0>)
681,dclappsoniw@discuz.net,agidmaniw,"uX2+g,XTIU_(%"
682,mshielix@marriott.com,agerrellix,hV1=jU|z/
683,fsoreiy@chron.com,voweniy,lW2`zp65
684,agniewosziz@stanford.edu,ddegiorgiiz,qL7`JNHA5
685,hpennockj0@unesco.org,anaseyj0,dN6=GirIQHXA0R
686,bfaragherj1@techcrunch.com,sdebeauchampj1,mS5}_g_.
687,sbessonj2@umich.edu,abrackleyj2,wD2~u/Bhb<Hu_|oi
688,mgussiej3@multiply.com,kalenikovj3,gY1=aO\dV2>L/>
689,cespj4@liveinternet.ru,rboydej4,"aW3,XsuK}JTn<"
690,htreadwayj5@ocn.ne.jp,fblandenj5,sW4$d|5XE=1
691,khuniwallj6@slideshare.net,mcolledgej6,mL2<76#>+Nl
692,elowdeanej7@cbslocal.com,tvannerj7,rC5~t_ec
693,mbahlmannj8@photobucket.com,hclacej8,uL6>ufe9nCwFy{I
694,pneliusj9@ning.com,bedlerj9,"bZ5>h|,V9P'x+V"
695,rcaldeiroja@newsvine.com,fbrancaja,tY8~R<)_kd$S#
696,jdulintyjb@multiply.com,cgillogleyjb,jY0'0d0.KyG
697,eburbridgejc@yahoo.com,evaninijc,"wW9"".SBgX|m"
698,alindmarkjd@newyorker.com,gwalentynowiczjd,"hA7+,}RjK>NQ2"
699,vleamonje@hhs.gov,nkilleleaje,jZ3'GlSQS
700,rrohmerjf@google.it,mcowdenjf,eL2_K2Qt4~`
701,bswettjg@symantec.com,ealdiejg,fI1}VG=>qB\%Vd
702,akondratenyajh@rambler.ru,ynichollsjh,qC5#LbSnyWShXW08
703,bjenneryji@businessweek.com,mstquintinji,nQ0~2ja`Rv/<AY
704,hwilcejj@blogtalkradio.com,ffriedenbachjj,gS1\Yd{O'8Mu
705,gfurseyjk@comsenz.com,wboycottjk,nG0@EW~kY!M6i
706,sbaptistejl@foxnews.com,fwinterbournejl,"uD0>ZbZf7rKw,~Gq"
707,vjobejm@unicef.org,rvolkjm,"nZ5,nAt4WRMmSL"
708,hsummersjn@msn.com,fkingslandjn,dD0&/2xU9$EwDo~m
709,abaaljo@booking.com,pivashnikovjo,vW8#CGE~680~OAyi
710,spearcyjp@apple.com,hhouchinjp,rP0\xtJm?{LtCA
711,avarvelljq@hp.com,wyglesiajq,qY4&u{1XtN/
712,gdunniomjr@arizona.edu,lfarmarjr,xO6\Cxd1dGgM4{C
713,agabbjs@acquirethisname.com,kschielljs,pD8.N&WLrAw2b
714,cboshersjt@fda.gov,skrojnjt,gV5@CvD|Fep2v
715,hgarrawayju@constantcontact.com,gadamovitchju,uV0&HAS9!FqE~
716,cheynenjv@craigslist.org,tbewjv,"tT5)}&.,@7"
717,rbackmanjw@nih.gov,bhamflettjw,fY8_W'?G
718,bdurjx@telegraph.co.uk,lwakelyjx,hP1.$0<x<!r}j
719,tjoveyjy@bloglovin.com,rtanseyjy,oS2(/lGQ9
720,dmealhamjz@shop-pro.jp,mcoltartjz,nO4.axnXV4
721,bmacgilfoylek0@examiner.com,gwhitehallk0,"kW8{lKuY""n>"
722,growlerk1@ning.com,mreinbachk1,xB9%ai*zsX
723,arickardsk2@phoca.cz,mpottellk2,iU4)jAvA~q/)xx
724,eberkak3@amazonaws.com,irobertok3,tZ3.wr?IN#chk*
725,kodornank4@over-blog.com,cgerbelk4,zK4>cYWJYB&DE0oM
726,sgauvaink5@ycombinator.com,croserk5,uK1~#1EZvm
727,sdorracottk6@nymag.com,tkernk6,yN6#t6!gWD0l
728,spozerk7@google.cn,aprimok7,qW7*n+}{Pfq<GP
729,rlampettk8@deviantart.com,lvanshink8,qJ1=76BbEJI+
730,rsperingk9@goo.gl,kcorintonk9,lR7%%IYK5Q)
731,rmillbergka@linkedin.com,mfreanka,tV7{zHNn~rq&
732,amaggorinikb@google.co.uk,bdanilchevkb,"cB1,cDITyZ09_"
733,rgleykc@cbsnews.com,nascroftekc,zI4+H)9a
734,abraimkd@usnews.com,asherrardkd,zY5_nC{meP.
735,rnormabellke@uol.com.br,pandraschke,vW0!QNIhA<
736,gfilewoodkf@networksolutions.com,mbaffinkf,nM9''A?Nt?h<btO
737,gornelaskg@prlog.org,dchadburnkg,fH1(/R'mGE$.t
738,mlazellkh@people.com.cn,msunnerskh,"uD4$>m""w"
739,ahaydonki@java.com,pusmarki,dB4!bmz+e`*
740,gdanelutkj@bloglovin.com,aperrycostkj,bJ0'!+2l7#NGt(w5
741,chugkk@de.vu,tunsteadkk,hU3$/*Zr
742,ckillekl@dion.ne.jp,lschulzekl,lX0!<.))d%
743,asalvadorkm@cdc.gov,darchbaldkm,bW3<)SJ3lOWk9>
744,sjakovijevickn@prweb.com,ssteddallkn,xV7{zkKypDyb\
745,vhebnerko@cyberchimps.com,eprobyko,xK9%nws`i
746,pandruskp@flickr.com,ayvekp,bU4)%8d)ajY5(uK
747,cmillekq@narod.ru,cadelkq,"wE0,WE4FJ)sx"
748,rbettisonkr@elpais.com,nlambartkr,dP9{piauvy
749,amehewks@cbsnews.com,tambroziakks,qP4`M/5+g}>HNm
750,jpretokt@blogger.com,mmilazzokt,"dT2,(2<mAjOscVt"
751,lcanedoku@smh.com.au,gruhbenku,yZ2|o63UNhccLoh
752,kbartropkv@sohu.com,ebotterillkv,"eP6)SE}>'!w$_,'"
753,astrickettkw@oaic.gov.au,mbauserkw,"kW7""+YuTmj<k"
754,adendlekx@who.int,njeayskx,"cX7_""y*E,hiBD8M"
755,ldacheyky@microsoft.com,bdoullky,oP4#D{5?q
756,smcintoshkz@github.com,bskelhornekz,"mZ8*iM6'c""}}"
757,vcorzorl0@drupal.org,rprowtingl0,pY0{fbrKW
758,dspringettl1@altervista.org,bmacphersonl1,sW5|EPxzoS<M|\
759,acousensl2@samsung.com,icalwelll2,rP4%la\zNr_{QH.s
760,dboatmanl3@netlog.com,fnoddlesl3,iO4?|>m%k7U
761,alemarl4@example.com,frosternl4,iG6\!ra#<@
762,aduprel5@timesonline.co.uk,mgrissettl5,sW7(nx0gE}C
763,rscarfl6@psu.edu,ahodintonl6,hK2{)v!X.zK)~W
764,dzarfail7@foxnews.com,mabramchikl7,yW4(c/t|G
765,fcollatonl8@squarespace.com,jreinhartl8,jX0_9vFilj=B!
766,sgrishukovl9@canalblog.com,mmarushakl9,"qW9(H7v,"
767,hthiolierla@goo.gl,gbarbierla,uJ5)@T42iYmMEZD
768,tlindstedtlb@purevolume.com,apurdeylb,sI4$eNW{wSnflMXc
769,ragneylc@liveinternet.ru,bvigarslc,yH3>k)VWdiMzJ>r4
770,bbellefonteld@parallels.com,rgeevesld,bO9<+DSMBVt\z
771,emotionle@cbc.ca,bcarderole,fM5(OR=f3+wMzBB
772,mstreeterlf@dell.com,ncowthardlf,"nW7""%sM>npuS"
773,ginklelg@4shared.com,hdigginlg,yJ7{h#a\>!zt0e~B
774,slundbechlh@chicagotribune.com,rathylh,zS2)U98!Ekx
775,rvandermerweli@toplist.cz,mgottschalkli,bX2*D$YBF
776,lalenichevlj@tumblr.com,icrowlj,gQ6_#+2&*F~3wsP
777,loryslk@telegraph.co.uk,lkorblk,aS8!Cf3$9_!B{_
778,divinsll@patch.com,adawidowitzll,tX2/ey.#UnA
779,repiscopiolm@friendfeed.com,mhamsteadlm,mR8!{0y4
780,orodenln@bing.com,jbettisonln,uS6<_u4tPl
781,mfairbridgelo@posterous.com,jflodelo,lQ4?tnKtr=1m.
782,azealylp@usatoday.com,odedomenicolp,tG2_C+<P?qpS4
783,hcruickshankslq@360.cn,pdoumerquelq,kL4#/B0!J6EGrI
784,nsheringhamlr@cnbc.com,mveigheylr,fO0+z>TZ<J7)N
785,jwillowayls@java.com,iaustonls,"uW7&""ZC9+h"
786,nvidgenlt@mlb.com,ecartmanlt,oK2$FPt/4$NeTP_
787,khanmorelu@nifty.com,hgravelllu,bM0#$B{|lA
788,hbollanslv@baidu.com,rbamblettlv,dG5{WX2k@o|NC
789,jhabballw@parallels.com,vdruettlw,eL6~k5)>X8Lgd@W
790,tdeylx@digg.com,dbraganzalx,xF8>'x?e}
791,jtidyly@auda.org.au,jabramowitzly,mM9$`R!F7/h*Arpg
792,kbollenlz@samsung.com,acomberbachlz,yE8{Q?x*H\
793,fleblondm0@addtoany.com,nmcevillym0,"nF0/b,`P#br?"
794,alearym1@bluehost.com,kmeaghm1,"fU1=vR`q,wkj"
795,bduddinm2@apache.org,cwindybankm2,iD7$XoQB|ubx
796,cneedm3@msu.edu,lpaalm3,gM3@I&%X9
797,nmaccreem4@vkontakte.ru,ffrangletonm4,jX8!>xnJ@1w@jSuR
798,rmaithm5@mysql.com,dforwardm5,kJ2{J9/rRp\1
799,efiddlerm6@jiathis.com,vsmorfitm6,oN7$Q!Imqp&
800,bdunsm7@ft.com,vduhigm7,yI0/Z&4?l
801,wmowatm8@mit.edu,scasalim8,mE8!qT=%
802,wbraundtm9@senate.gov,njewittm9,gO1\BqMT1?l
803,hdavidescuma@fotki.com,abasellima,"vU6%bMWHBMQ"""
804,tbatstonemb@furl.net,ghavelinmb,tR2`EY{!r
805,riskowiczmc@simplemachines.org,gjenkmc,"nI0""goP~rIJqTLJ8"
806,mhogbinmd@columbia.edu,cjohnysmd,kY2.Kx67
807,ptenantme@columbia.edu,kfrangioneme,hZ9!8Zx!$n*g
808,emeugensmf@gravatar.com,cbristowemf,dC2~8=iV'
809,ebalmforthmg@psu.edu,fmcgralemg,yP0+#}ywU1=EnA
810,mdilonmh@ucla.edu,ycapemh,"hS9{ld""f|Irc"
811,rgronowemi@unc.edu,jpayzemi,hQ0{>l`xRy
812,scogdonmj@edublogs.org,tvarrenmj,wE7&yt6m
813,aklimontovichmk@ucoz.com,kmcclarenmk,eF6`tG7{
814,twraggml@unblog.fr,fjurczakml,"eI3""9uiyR"
815,aspeaksmm@canalblog.com,lphidginmm,dV4>{sJ(ImY
816,mjeanesmn@oracle.com,hollismn,tS1|)l@NMwxwhS#
817,aeltonemo@blinklist.com,lbrandenburgmo,pH8+Zq>}r#!_
818,jbonwickmp@cocolog-nifty.com,gmantmp,"zW4,b!eeH'W#pA"
819,slehrlemq@utexas.edu,lallworthymq,"pB5?z@,1)#qe"
820,dnorwoodmr@zimbio.com,cpawelczykmr,"bZ4,h1`{z4S"
821,dristems@behance.net,jnokems,aS0'#vEi64
822,wkringemt@free.fr,ikeithmt,eI9?XkW6|wN=fVIV
823,ifalveymu@eventbrite.com,abiggsmu,sQ8(1U/S$h~bu/
824,icockingmv@bing.com,doldknowmv,"iV8/97wxHAOf,@F"
825,dsatchellmw@reuters.com,amacksteadmw,"mF0,aj=#Qc(T2EH"
826,fslowlymx@smh.com.au,bcourtesemx,yE5>?Owj}
827,ufarnfieldmy@google.es,aaloigimy,wQ1`vG7`S{
828,mmacmoyermz@phoca.cz,mlazermz,"hN2=UjqO~c,)i)90"
829,abatchann0@boston.com,egumlyn0,wL9'ML5@HeP_
830,nwimsettn1@unblog.fr,amerrienn1,cN5&&TA_.5<h_Tf
831,csifleetn2@mozilla.com,dgilhouleyn2,sD9%9`9lK2qm
832,ebrockmann3@upenn.edu,kbranfordn3,hF0{*zn5WO
833,kreveleyn4@moonfruit.com,gbohean4,hI5#!zy8m
834,aveckn5@apache.org,melsbyn5,"mB5,JU_x~PpW7kz"
835,cdeighann6@fastcompany.com,slarkcumn6,xN7<O\a~M&h
836,mhailsn7@berkeley.edu,hferentzn7,pO1>W2yE|Sgs(
837,civanishchevn8@php.net,ipowtern8,kX8%98bJR
838,aburtn9@cam.ac.uk,bmerrelln9,pO6~u_pK3(8GZK
839,apadwickna@ebay.com,nhaugehna,zX9@Q7=d'JZF
840,asimondsnb@tmall.com,oeastmannb,"fP1""YSf/pri?hn"
841,ehilbournenc@cargocollective.com,collandnc,lG4$e4xT(s@w
842,cildennd@yahoo.co.jp,ejeremiahnd,bC9`RO40HMwN<!
843,umatasne@bluehost.com,amolderne,iI3#w@B@'Lrk%
844,mfitzernf@comsenz.com,asedgeworthnf,"zM2*L,@_)A"
845,clidierthng@ted.com,aisworthng,kV7*3n'r{
846,dtamsettnh@plala.or.jp,bmackimnh,gO8%D~Yw9im*h'
847,lashburneni@nasa.gov,kkearleni,uU7+'FIfWU
848,spauleaunj@discuz.net,snarupnj,qC8|q}f&&X
849,erydeardnk@cdbaby.com,ciacovidesnk,"bA4""}CQ*QwYUP"
850,laggusnl@huffingtonpost.com,lprynnl,"pI2|,R8oeVXfzE"
851,rrobkenm@apple.com,bsatterthwaitenm,eK2&OsrK~5A`>
852,zollandnn@infoseek.co.jp,dgroomebridgenn,oH0*f5#Dy
853,htomaszewskino@moonfruit.com,ktomsuno,uL7'.z'aBb\G}|Vv
854,tlamkenp@sina.com.cn,kmityashevnp,vK3\~X@WbA
855,ldearlnq@goo.gl,ccreddonnq,"uH2""DP6|Of)<06+"
856,jstivaninr@slashdot.org,hfacchininr,sJ6`78%_Hv+#xgf$
857,mmcgarryns@istockphoto.com,awincklesns,"gH7,PuWCqap"
858,flumbersnt@live.com,emcclintonnt,oQ3{C?Fq+ux
859,dducroenu@berkeley.edu,ccarlylenu,"qN8{0p(a(,QDFTZ"
860,tleirmonthnv@ucsd.edu,taizicnv,"hX2*""~aiC""W*<\HG"
861,piacobettonw@github.com,abiggamnw,aU1`Df{JK@
862,vmatterdacenx@imgur.com,kcurrienx,gM7@a2fH<l
863,izoppieny@businesswire.com,jlewensny,cV7!VB6__QxK
864,mwandtkenz@harvard.edu,blutonnz,wZ7(/AekInxI&_
865,kchristienseno0@sfgate.com,obertomeo0,"dS8}Yrx*(wv5""Aw"
866,aaiskriggo1@arstechnica.com,jkarmelo1,zB6&!ZXZ>@P)wr
867,gelderfieldo2@sina.com.cn,lwyndhamo2,mL2?Mokhy
868,kjewello3@wp.com,ptailbyo3,"tU8|,+c(xk"
869,pstrotoneo4@harvard.edu,ynewlano4,qM5`!D}Yo8)7iYa
870,gwittono5@ycombinator.com,cbenzao5,tR4_t0=Gg`@
871,yprobino6@yandex.ru,aringsello6,vL9?MHaPTeb'Lm16
872,asikorskyo7@altervista.org,ckibbelo7,"jQ3,7QX8#K"
873,todonegano8@salon.com,nwilemano8,"tZ5_ZALO0Rb{L/"""
874,jsowerbyo9@columbia.edu,ahallero9,cT5$|l)wW\gCx.o
875,poreillyoa@homestead.com,mlimbourneoa,wE1&5P{C|C3
876,eogilvieob@infoseek.co.jp,vpermainob,"nB9""<5{x"
877,ckernaghanoc@a8.net,sluxtonoc,xP7_NLUB.V|O'wC>
878,tkemmonsod@dot.gov,bmurielod,hT4|(dyex0Lhl(p
879,fprobynoe@linkedin.com,plorandoe,nV6@4JEx!\eRm2Y
880,rralestonof@eventbrite.com,gfilipovicof,yX4+=6\_3
881,gkiddeog@ustream.tv,tnewhamog,nR8&uQ>a>5
882,gvanyashkinoh@businessweek.com,jandreoneoh,"pZ0{!+{>,8RTH"
883,aterranoi@naver.com,gjennionsoi,mH0?Lb(sGN$&
884,kgilcristoj@sciencedirect.com,mgeorgiadesoj,fE4\Ag#Pbh
885,cdelacourtok@sohu.com,gnorcrossok,tZ8{99jo4D==4
886,ccarelessol@nytimes.com,npetyankinol,nE3|tTbIl\p<
887,hbamfordom@multiply.com,cwilloughwayom,"uL9&pQ<@Si,)h/A"
888,nsandisonon@springer.com,dbuchanon,pJ9?%3W<H#
889,bwasieloo@gravatar.com,ethurnhamoo,xQ3}R&OOW\B
890,afinnickop@yelp.com,asuggeyop,hX9`z4Q+dX
891,ldayeroq@smugmug.com,ewetherickoq,sV4+ag3\$
892,zprozesckyor@craigslist.org,eshearaor,"rB0=mKw=V$Mz6"""
893,hpleasanceos@theguardian.com,nlanstonos,tB8?)bko!Q
894,tludlammeot@cdc.gov,cglavisot,aQ7)`T=}gd}$
895,rfulksou@vistaprint.com,cmelchiorou,"dZ1?0*8""@.AL"
896,amariaudov@prlog.org,zbealingov,"uC0@E8B2=""/<kl"
897,swestmoreow@buzzfeed.com,rstarieow,gS2`i..e4q_.l
898,mcosterdox@smh.com.au,fchandlerox,gT9/'~}2iFY5l?
899,rhollingbyoy@nps.gov,cjoneyoy,fB0`Y'8dtNB8
900,areckusoz@thetimes.co.uk,fkellickoz,"fR4,r!7QG"
901,trumblep0@msn.com,daseep0,"cR8+DH,%V,,?P"
902,gmcguanep1@infoseek.co.jp,lbrahamsp1,oW4@)xQZ<KW
903,eetteridgep2@blogspot.com,bsalternep2,lG1?C`dvvT@m_K(
904,fsuthernsp3@ted.com,nnurcombep3,gF3!z_18j=X3
905,cmacnameep4@stumbleupon.com,rshillanp4,dT1+Ub#Wt@
906,tgriffinp5@va.gov,gmattocksp5,"oB0(I5p""U'A@5?"
907,ydevonaldp6@cdbaby.com,sdisbrowp6,"tX5+TO,\o1"
908,ctrembletp7@blogspot.com,zbickerstethp7,"xV4!?ds6mK,/+"
909,twaisp8@youku.com,lgrimsteadp8,yV3&yRRhf
910,kcockrellp9@home.pl,ljedrzejp9,lF7!x&CjR}|M<8t!
911,cbashfordpa@rambler.ru,hhessingpa,hD7!yr+VP'UR4x
912,ppesikpb@ucsd.edu,bpendleberypb,nH9>BFjW4D
913,vvandermerwepc@behance.net,bmessinghampc,eI3?qr9j
914,sgooderidgepd@google.com,dfatkinpd,lZ8+K_vu&3*.u
915,gtantrumpe@issuu.com,aplaxtonpe,"zO9)""7&lr>D<~t0h"
916,tdorganpf@sbwire.com,osmileypf,zP3_d6GuhKsME
917,htrudgionpg@ow.ly,pfyrthpg,mU9{Y5pZJtmq(2o
918,csidgwickph@cargocollective.com,omenicoph,jM6=8RQV1h$G
919,bkinnairdpi@google.co.uk,bwhebellpi,zU1%?>P/5B&f+j
920,cpimbleypj@flickr.com,dservantepj,eM6.N2Vb&SK
921,bhaylettpk@mozilla.com,zmanuelypk,oZ1|u*cD)6dp9(td
922,khostonpl@yelp.com,whelmkepl,wQ0|LAV(|j7
923,bsumsionpm@squidoo.com,stoplisspm,oE9&oN)m(
924,tmorepn@yellowpages.com,fedgecumbepn,"wK8,L`b4"
925,jnevittpo@de.vu,dmanntschkepo,"fS4_Z}Hg""<.u"
926,dnovkovicpp@rakuten.co.jp,hloughnanpp,sH3~>/>K04W
927,cvasepq@ehow.com,pskipseypq,hX8`3MS_Z<}5
928,abulpittpr@intel.com,mdacrespr,"mG9@nU,6|OC.8"
929,mtruderps@seesaa.net,cellingtonps,wY8$Y9yspu(k
930,ccredlandpt@about.com,dschermept,iU2#0QuN9S5ViZGI
931,mdowellpu@cdbaby.com,bblincoepu,qL6*UvPml<CI
932,tmacmillanpv@github.com,gvivianspv,kO6*$NkUH?/
933,slemoucheuxpw@auda.org.au,abowerypw,vP7_GYMv{|X
934,maubertpx@unc.edu,asargentpx,"bC1#OA{m""H/3"
935,lalessandrinipy@bloomberg.com,zmarkepy,wM3.!B.uOM}
936,wvidyapinpz@topsy.com,ebohlsenpz,hY8>0ya1y*DuO6
937,rwhitehorneq0@pbs.org,vbrockingq0,lP7+CgGwqQta
938,owhitwhamq1@cpanel.net,krodbourneq1,gZ4#7fl=v
939,sbaudetq2@ehow.com,nheskeyq2,zT5?b(c)pj$a{r
940,aforseyq3@redcross.org,mdavidowichq3,pQ6&BKiev
941,mlehenmannq4@berkeley.edu,glennardeq4,"cD8\n&p,ZU\|8R$H"
942,sdaltreyq5@booking.com,pebunoluwaq5,sR9*A0N2vHJ1
943,onizardq6@bigcartel.com,aknudsenq6,wU4@GgaL
944,sboggesq7@tuttocitta.it,clarbyq7,"jX0@bmoh""fSx="
945,tcharletq8@list-manage.com,tleveneq8,yY7*(wHyT`/U
946,mbraithwaitq9@mozilla.com,dlotzeq9,"mZ7@KItyA$73,u6"
947,hgreimqa@dedecms.com,kcartlidgeqa,"pI8""_GIH%%8"
948,acurryqb@themeforest.net,cbaughnqb,"cH3@""fM'U6AO"
949,cdurdyqc@so-net.ne.jp,kchipchaseqc,"rB6,5)L+"
950,aduchateauqd@behance.net,ltrevesqd,zN0>Iu?=V8SJZ
951,gcowqe@addtoany.com,gpetscheltqe,qF0(*OWNa
952,aschohierqf@comsenz.com,ayokelqf,"gS8/jD5""R@Rw"
953,rkindeqg@go.com,crowntreeqg,yO3{%}Ty
954,hparkesqh@dyndns.org,bdikelinqh,vJ8$IUIse_6
955,vsacazeqi@shareasale.com,ihogganqi,dT3\.CG7.arQOUO'
956,wgamwellqj@goo.gl,mfritzerqj,zA7~o9$tU/%CPsQa
957,braistrickqk@ucsd.edu,tmosebyqk,jQ8}\Hf(j_
958,dlindsleyql@marketwatch.com,jhubbisql,"oG4,=b1y9Y,"
959,kwillderqm@ezinearticles.com,bkelseyqm,yE4=&`LAshH|_
960,ggealleqn@si.edu,ecattlemullqn,aP3<g=al
961,abusenqo@nps.gov,hmorisonqo,dR4$jGW.Cx&/iml
962,smatuszinskiqp@blogger.com,sweerdenburgqp,jL0~M1YHAxi
963,hchaplingqq@fastcompany.com,vstigersqq,"iU1~XGB6S`'z.Td,"
964,bicomqr@unblog.fr,cwilleyqr,fY4+22i5
965,jlissandriqs@engadget.com,auttonqs,lZ2@ZySah{.qD
966,mwattersonqt@virginia.edu,chuonicqt,pS8~XnJdh/X
967,bconnellqu@privacy.gov.au,rahmedqu,zW4|z2W{X.`bql+
968,itextonqv@booking.com,rwoodrupqv,lD3<)3s<`G
969,pbissekerqw@wsj.com,wtatfordqw,"yG5""vtkYz"
970,bwillarsqx@marketwatch.com,delesanderqx,qR5#JGZe
971,jmielnikqy@nifty.com,dlundqy,uG0*qRQ$Z
972,jcuthbertqz@nymag.com,aleeteqz,"uJ1""v}Oi,"
973,limlacker0@woothemes.com,eattewr0,gU9*cUGu|o_b
974,mkentwellr1@harvard.edu,okyngdonr1,eP6<sCG3DHj
975,salkinsr2@pinterest.com,sdurdanr2,mR3&p3Gd4Vi
976,hpryorr3@ning.com,jganningr3,"hM2`YC{iW,xl6"
977,clilburner4@mapquest.com,itibaldr4,iA7/gS|5
978,hsworner5@cornell.edu,abodhamr5,cH1\ITD9$s
979,eclemmeyr6@home.pl,cweagenerr6,kI8+g_drg
980,fkeavesr7@cdbaby.com,lwycliffer7,"qZ6""8qX}cH!>"
981,bknottleyr8@state.tx.us,jderycotr8,"xC8?~.>/ei365"""
982,htantrumr9@uiuc.edu,bhambrickr9,aF1@&#lA1&F
983,uuphamra@narod.ru,vseckomra,cX0+Gv{3RvjxOw$*
984,mloveguardrb@engadget.com,greuterrb,kV6#6DIG5tH
985,cbeddowsrc@jugem.jp,jberisfordrc,"dT9},1w36EhFi"
986,ssimmensrd@irs.gov,wgrogonard,tO7#sc90Vb
987,jginnre@yandex.ru,hcheckleyre,eE2@t<6Zr
988,lbrankleyrf@nymag.com,rreeveleyrf,tJ3\gK9.*V}
989,mbuckokerg@infoseek.co.jp,nchadneyrg,bW3=HNFg{/+X
990,calmeyrh@cnet.com,afarnillrh,uD2*Z}Bj5fH
991,rdearnlyri@people.com.cn,pgerratyri,tH8'EXsN(>kbBEEf
992,tcrevaghrj@latimes.com,chardagerj,yD9=zCeB/GoU
993,ccamossork@mtv.com,nmcgorleyrk,pW2{N}8/8m
994,raronsonrl@google.com.hk,mgeraudelrl,lY6~.V'ML=DWI_I
995,rdaybornerm@disqus.com,rgiuronirm,kP1$*)cy
996,rgatissrn@blinklist.com,mspincksrn,mO1.O&Xb/L\Z7={
997,gdepkero@ehow.com,bburdekinro,uA6!PCiYD|EJE
998,pdigglerp@posterous.com,istepneyrp,sS6(1++YSrLt
999,bgerssamrq@livejournal.com,astirleyrq,vS2_MKtcu~DrB
1000,ndebruijnerr@about.me,rwigfieldrr,nO0%O.*rKB~h0f
